"ID","Description","GeneRatio","BgRatio","RichFactor","FoldEnrichment","zScore","pvalue","p.adjust","qvalue","geneID","Count"
"GO:0008015","blood circulation","29/294","320/11681",0.090625,3.60064838435374,7.57946887245584,2.10434164947396e-09,3.60077940856421e-06,2.69544376162007e-06,"CXCL12/TBX18/AMOT/PDE5A/SGCD/POSTN/CLIC2/CORO2B/ADM2/FGF13/BDKRB2/NEDD4L/BDKRB1/VEGFA/TGFB2/AGT/SCN1B/IER3/SPTBN4/KCNE3/CACNA1G/ADRA2A/ARHGAP42/PER2/KCND2/ADORA1/HSD11B2/PTGS2/HTR2A",29
"GO:1903522","regulation of blood circulation","19/294","163/11681",0.116564417177914,4.63125495597012,7.5015746231064,2.62215934497181e-08,2.98052112211796e-05,2.23113558300233e-05,"TBX18/PDE5A/CLIC2/ADM2/FGF13/BDKRB2/TGFB2/AGT/SCN1B/SPTBN4/KCNE3/CACNA1G/ADRA2A/ARHGAP42/PER2/KCND2/ADORA1/PTGS2/HTR2A",19
"GO:0007409","axonogenesis","26/294","320/11681",0.08125,3.2281675170068,6.49389069255782,1.36986665890173e-07,9.97031522940351e-05,7.46350190810419e-05,"CXCL12/CCKAR/CRABP2/EPHB2/FLRT3/ADCY1/RPS6KA5/RND2/SEMA3A/EPHB3/ROBO1/KIAA1755/PLEKHG4/FGF13/SLITRK6/VEGFA/SEMA6D/SCN1B/SPTBN4/PLPPR4/EGR2/PAK3/KALRN/FGFR2/LGI1/EPHA5",26
"GO:0120039","plasma membrane bounded cell projection morphogenesis","33/294","480/11681",0.06875,2.73152636054422,6.22460437897847,1.46192305416474e-07,9.97031522940351e-05,7.46350190810419e-05,"CXCL12/CCKAR/CRABP2/EPHB2/FLRT3/ADCY1/TUBA1A/RPS6KA5/RND2/SEMA3A/EPHB3/POSTN/ROBO1/KIAA1755/PLEKHG4/FGF13/TNIK/GAS7/ENPP2/NEDD4L/SLITRK6/VEGFA/SEMA6D/SCN1B/SPTBN4/PLPPR4/EGR2/PAK3/KALRN/FGFR2/NGF/LGI1/EPHA5",33
"GO:2000027","regulation of animal organ morphogenesis","10/294","53/11681",0.188679245283019,7.4964702862277,7.61646246076316,6.55341933024444e-07,0.000223471599161336,0.000167284651324661,"WNT2/ROBO1/SOX9/LGR4/VEGFA/FGF10/AGT/RSPO2/TNFRSF11B/SFRP2",10
"GO:0001932","regulation of protein phosphorylation","32/294","499/11681",0.064128256513026,2.54789851812468,5.67836675805726,1.07311582500331e-06,0.000330496854321671,0.000247400793866354,"CDKN1A/RAP2B/ARHGEF2/EPHB2/NEK10/TMEM119/LIF/WARS1/PIK3R3/DUSP10/CDKN2B/ROBO1/PKIA/TNIK/RASSF2/ENPP2/SOCS1/TRIB3/VEGFA/TGFB2/IL34/FGF10/AGT/ADCY8/NRG1/IL12A/TNFSF15/ADRA2A/SFRP2/IL31RA/DIRAS3/HTR2A",32
"GO:0050951","sensory perception of temperature stimulus","6/294","16/11681",0.375,14.8992346938776,8.93920576802963,1.5643600477167e-06,0.000333404235169622,0.000249577178665329,"CXCL12/TRPA1/LXN/ADRA2A/ADORA1/HTR2A",6
"GO:0043271","negative regulation of monoatomic ion transport","11/294","73/11681",0.150684931506849,5.98690709160376,6.86759117376135,1.89242587557665e-06,0.000379598366806845,0.000284156826518475,"SLC6A9/EPHB2/PRKCE/CLIC2/PRKG2/NEDD4L/AGT/KCNE3/ADRA2A/PTGS2/HTR2A",11
"GO:0048589","developmental growth","31/294","490/11681",0.063265306122449,2.513612383729,5.50007600107166,2.12560055280411e-06,0.000402683215836779,0.00030143750529532,"CXCL12/WNT2/CCN3/CDKN1A/GDF15/CRABP2/FLRT3/RND2/DUSP10/S1PR1/SEMA3A/POSTN/FGF13/SOX9/NEDD4L/SLITRK6/TENM4/VEGFA/TGFB2/SEMA6D/FGF10/RSPO2/SPTBN4/TNFAIP6/COL27A1/GDF5/NRG1/PI16/FGFR2/SFRP2/ACVR1C",31
"GO:0030335","positive regulation of cell migration","28/294","424/11681",0.0660377358490566,2.62376460017969,5.47249143600228,3.00192956514638e-06,0.000475573844867835,0.000356001411885939,"CXCL12/COL1A1/AMOT/ARHGEF2/EPHB2/LRRC15/PIK3R3/PRKCE/S1PR1/SEMA3A/RHOJ/PLK2/POSTN/SOX9/ENPP2/BDKRB1/VEGFA/TGFB2/SEMA6D/IL34/FGF10/AGT/TNFAIP6/IL12A/ADRA2A/HMOX1/PTGS2/CCL7",28
"GO:0051960","regulation of nervous system development","23/294","308/11681",0.0746753246753247,2.96694716847778,5.62109545068808,3.17652773907641e-06,0.000475573844867835,0.000356001411885939,"CXCL12/WNT2/CRABP2/EPHB2/FLRT3/LIF/RND2/DUSP10/SEMA3A/EPHB3/CDKN2B/ROBO1/FGF13/LRRTM2/SLITRK6/TENM4/VEGFA/CDON/SEMA6D/IL34/EGR2/PER2/SLC7A5",23
"GO:0006935","chemotaxis","21/294","274/11681",0.0766423357664234,3.04509906152242,5.50420165191455,5.75341062256076e-06,0.000754581931651238,0.000564859140069224,"VCAM1/CXCL12/CCN3/AMOT/FLRT3/S1PR1/SEMA3A/ROBO1/ENPP2/VEGFA/TGFB2/IL34/FGF10/TNFAIP6/NRG1/IL12A/ACKR4/CH25H/EGR3/CCL7/LSP1",21
"GO:0040017","positive regulation of locomotion","28/294","444/11681",0.0630630630630631,2.50557700557701,5.19708349476699,7.22763086536822e-06,0.000912823009292801,0.000683314029181986,"CXCL12/COL1A1/AMOT/ARHGEF2/EPHB2/LRRC15/PIK3R3/PRKCE/S1PR1/SEMA3A/RHOJ/PLK2/POSTN/SOX9/ENPP2/BDKRB1/VEGFA/TGFB2/SEMA6D/IL34/FGF10/AGT/TNFAIP6/IL12A/ADRA2A/HMOX1/PTGS2/CCL7",28
"GO:0030001","metal ion transport","30/294","497/11681",0.0603621730382294,2.39826715394407,5.11870613477377,7.99618936968635e-06,0.000973821633951088,0.000728975910582308,"CXCL12/SLC6A6/SLC6A9/PRKCE/SLC39A10/FAIM2/CLIC2/FGF13/TRPA1/P2RX7/EPB41/NEDD4L/BDKRB1/KCNK15/AGT/SCN1B/KCNS1/SPTBN4/PKD1L2/KCNE3/CACNA1G/CAMK2A/ADRA2A/KCND2/ADORA1/TMEM37/PTGS2/KCNA3/CATSPER2/HTR2A",30
"GO:0007169","cell surface receptor protein tyrosine kinase signaling pathway","29/294","475/11681",0.0610526315789474,2.4256999641962,5.0972984284864,9.19434969218988e-06,0.00104509108167892,0.000782326245738964,"COL1A1/GDF15/EPHB2/FLRT3/PIK3R3/EPHB3/ROBO1/SAMD12/SOX9/BDKRB2/SOCS1/VEGFA/FGF10/AGT/FRK/DOK6/NRG1/IL12A/CADM1/MERTK/PAK3/ADRA2A/KALRN/FGFR2/BLNK/IL31RA/NGF/EPHA5/TSPAN32",29
"GO:0050673","epithelial cell proliferation","22/294","307/11681",0.0716612377850163,2.84719360056726,5.27005827291508,1.01020990003167e-05,0.00107650492472124,0.000805841778808155,"CXCL12/WNT2/CCN3/FST/CDKN1A/DUSP10/ST8SIA1/CDKN2B/BMPER/ROBO1/SOX9/LGR4/VEGFA/TGFB2/FGF10/VASH2/GDF5/IL12A/FGFR2/SFRP2/EGR3/HMOX1",22
"GO:0035924","cellular response to vascular endothelial growth factor stimulus","11/294","87/11681",0.126436781609195,5.02349675502385,6.05253152210995,1.08956368007217e-05,0.00111929533832429,0.000837873497588025,"VCAM1/EPHB2/EPHB3/ROBO1/VEGFA/IL12A/MERTK/FGFR2/EGR3/EPHA5/TSPAN32",11
"GO:0042327","positive regulation of phosphorylation","23/294","333/11681",0.0690690690690691,2.74420338706053,5.18859777366811,1.15599959272867e-05,0.00111929533832429,0.000837873497588025,"CDKN1A/ARHGEF2/NEK10/TMEM119/LIF/PIK3R3/ROBO1/TNIK/RASSF2/ENPP2/VEGFA/TGFB2/IL34/FGF10/ADCY8/NRG1/IL12A/TNFSF15/ADRA2A/CIMAP3/SFRP2/IL31RA/HTR2A",23
"GO:0007268","chemical synaptic transmission","28/294","456/11681",0.0614035087719298,2.43964076858814,5.03887760627489,1.18884750640132e-05,0.00111929533832429,0.000837873497588025,"DNM1/SLC6A6/SLC6A9/EPHB2/ADCY1/PRKCE/PLK2/SLC7A11/LRRTM2/P2RX7/CNIH3/GRIK4/PLPPR4/ADCY8/EGR2/CACNA1G/CAMK2A/ADRA2A/RASD2/EGR3/SNCAIP/KCND2/ADORA1/NGF/PTGS2/LGI1/LRRC4/HTR2A",28
"GO:0001525","angiogenesis","26/294","408/11681",0.0637254901960784,2.53189609177004,5.06092687771135,1.29559583360376e-05,0.00116262678752337,0.000870310220634104,"ADAM12/CCN3/AMOT/EPHB2/WARS1/PIK3R3/S1PR1/RHOJ/PLK2/EPHB3/BMPER/ROBO1/ADM2/BRCA1/VEGFA/TGFB2/PLXDC1/FGF10/VASH2/IL12A/FGFR2/E2F7/SFRP2/EGR3/HMOX1/PTGS2",26
"GO:0019233","sensory perception of pain","8/294","45/11681",0.177777777777778,7.06334089191232,6.54797198437369,1.4040167002966e-05,0.00122317400503288,0.000915634191142073,"CXCL12/CCN3/TRPA1/P2RX7/LXN/KCND2/ADORA1/HTR2A",8
"GO:0051046","regulation of secretion","25/294","387/11681",0.0645994832041344,2.56662096363093,5.03600265973119,1.5176819874844e-05,0.00122317400503288,0.000915634191142073,"CXCL12/CCKAR/SOX4/CCN3/LIF/PLA2G4A/PRKCE/P2RX7/GPR68/TGFB2/FGF10/AGT/ADCY8/NRG1/IL12A/CAMK2A/ADRA2A/SNCAIP/RAB27B/PER2/ADORA1/RAPGEF4/EPHA5/ACVR1C/HTR2A",25
"GO:0045670","regulation of osteoclast differentiation","8/294","46/11681",0.173913043478261,6.90979000295771,6.452948474098,1.66288824492967e-05,0.00122469525841263,0.000916772959299465,"RASSF2/LRRC17/GPR68/MAFB/TNFAIP6/TNFRSF11B/CAMK4/INPP5D",8
"GO:0050804","modulation of chemical synaptic transmission","22/294","317/11681",0.0694006309148265,2.7573767677418,5.09705506759889,1.67041272191398e-05,0.00122469525841263,0.000916772959299465,"DNM1/SLC6A6/SLC6A9/EPHB2/ADCY1/PRKCE/PLK2/SLC7A11/LRRTM2/GRIK4/PLPPR4/ADCY8/EGR2/CAMK2A/ADRA2A/SNCAIP/ADORA1/NGF/PTGS2/LGI1/LRRC4/HTR2A",22
"GO:0043410","positive regulation of MAPK cascade","21/294","299/11681",0.0702341137123746,2.79049211657907,5.03951965049471,2.18235569538661e-05,0.00140411941910723,0.00105108491783764,"GDF15/NEK10/LIF/PRKCE/SEMA3A/BMPER/ROBO1/TNIK/RASSF2/P2RX7/VEGFA/TGFB2/CDON/IL34/FGF10/NRG1/ADRA2A/FGFR2/ADORA1/GADD45G/HTR2A",21
"GO:0003073","regulation of systemic arterial blood pressure","8/294","48/11681",0.166666666666667,6.6218820861678,6.2711460223064,2.3020660777412e-05,0.00142706046198903,0.0010682579473139,"POSTN/CORO2B/ADM2/AGT/IER3/ARHGAP42/ADORA1/HSD11B2",8
"GO:0002683","negative regulation of immune system process","23/294","348/11681",0.0660919540229885,2.62591875830792,4.94773516629199,2.34387707572539e-05,0.00142706046198903,0.0010682579473139,"CXCL12/CCN3/GDF15/PDE5A/DUSP10/PLK2/LRRC17/SOX9/LGR4/GRAMD4/SOCS1/GPR68/TGFB2/MAFB/TNFAIP6/TNFRSF11B/MERTK/HMOX1/ACP5/INPP5D/ADORA1/IL31RA/TSPAN32",23
"GO:0023061","signal release","21/294","301/11681",0.0697674418604651,2.7719506407214,5.00442474781949,2.41061060479449e-05,0.00142706046198903,0.0010682579473139,"CXCL12/CCKAR/SOX4/CCN3/LIF/PLA2G4A/PRKCE/P2RX7/GPR68/AGT/ADCY8/CAMK2A/ADRA2A/SNCAIP/PER2/ADORA1/PTGS2/RAPGEF4/EPHA5/ACVR1C/HTR2A",21
"GO:0050767","regulation of neurogenesis","19/294","258/11681",0.0736434108527132,2.92594789853926,5.02637313050226,2.82133075530102e-05,0.0016306335382333,0.00122064711536217,"CXCL12/WNT2/CRABP2/EPHB2/LIF/RND2/DUSP10/SEMA3A/CDKN2B/ROBO1/FGF13/TENM4/VEGFA/CDON/SEMA6D/IL34/EGR2/PER2/SLC7A5",19
"GO:0060560","developmental growth involved in morphogenesis","15/294","172/11681",0.0872093023255814,3.46493830090176,5.2328936409253,2.8805532270227e-05,0.0016371144173579,0.00122549852202281,"CXCL12/CRABP2/FLRT3/RND2/S1PR1/SEMA3A/POSTN/FGF13/SOX9/NEDD4L/VEGFA/SEMA6D/FGF10/FGFR2/SFRP2",15
"GO:0009612","response to mechanical stimulus","14/294","153/11681",0.0915032679738562,3.63554310613134,5.27265410203016,3.11889160318638e-05,0.00174351153555173,0.00130514445862415,"CXCL12/COL1A1/PIEZO2/TUBA1A/POSTN/TRPA1/P2RX7/SOX9/SLITRK6/BDKRB1/PKD1L2/GDF5/PTGS2/HTR2A",14
"GO:0010720","positive regulation of cell development","21/294","308/11681",0.0681818181818182,2.70895176252319,4.88380223511478,3.38825637705528e-05,0.00180530535089977,0.00135140159775642,"CXCL12/SOX4/WNT2/PDE5A/CRABP2/EPHB2/LIF/RND2/DUSP10/ROBO1/SOCS1/GPR68/TENM4/VEGFA/CDON/IL34/EGR2/EGR3/INPP5D/SLC7A5/TNFSF9",21
"GO:0090066","regulation of anatomical structure size","23/294","357/11681",0.0644257703081232,2.55971912574554,4.80917965983157,3.50338317107468e-05,0.00183792870974841,0.00137582254086738,"CXCL12/DNM1/AMOT/CRABP2/ARHGAP28/PRKCE/RND2/SEMA3A/FGF13/P2RX7/BDKRB2/VEGFA/SEMA6D/AGT/SPTBN4/CRACD/PAK3/ADRA2A/ARHGAP42/PER2/ADORA1/PTGS2/HTR2A",23
"GO:0001503","ossification","22/294","334/11681",0.0658682634730539,2.61703124363518,4.81771986427984,3.72465550154732e-05,0.00189046114663817,0.00141514686852834,"COL1A1/CCN3/ITGA11/TMEM119/TENT5A/IGSF10/S1PR1/RASSF2/P2RX7/KAZALD1/SOX9/LGR4/DNAI3/VEGFA/RSPO2/TNFAIP6/CHRDL2/GDF5/EGR2/FGFR2/SFRP2/PTGS2",22
"GO:0046849","bone remodeling","9/294","66/11681",0.136363636363636,5.41790352504638,5.78321069388791,3.76983454461571e-05,0.00189046114663817,0.00141514686852834,"TMEM119/S1PR1/RASSF2/P2RX7/LGR4/TNFRSF11B/GDF5/ACP5/INPP5D",9
"GO:0038084","vascular endothelial growth factor signaling pathway","9/294","67/11681",0.134328358208955,5.33703929332927,5.72045104910811,4.26006196613866e-05,0.00210533497167143,0.00157599546420843,"EPHB2/EPHB3/ROBO1/VEGFA/IL12A/MERTK/FGFR2/EPHA5/TSPAN32",9
"GO:0048638","regulation of developmental growth","17/294","222/11681",0.0765765765765766,3.04248636391493,4.93688168847001,4.57412365735053e-05,0.00222825166736647,0.00166800749910903,"CXCL12/WNT2/CDKN1A/GDF15/CRABP2/RND2/DUSP10/SEMA3A/FGF13/NEDD4L/VEGFA/SEMA6D/SPTBN4/GDF5/NRG1/PI16/FGFR2",17
"GO:0062149","detection of stimulus involved in sensory perception of pain","5/294","17/11681",0.294117647058824,11.6856742697079,7.08423669132556,4.71103618968435e-05,0.00224440873071257,0.00168010222934958,"CXCL12/TRPA1/LXN/ADORA1/HTR2A",5
"GO:0002521","leukocyte differentiation","25/294","415/11681",0.0602409638554217,2.39345135644619,4.64431228175337,4.86361458965689e-05,0.00227152472601228,0.00170040051260373,"VCAM1/SOX4/LIF/PIK3R3/DUSP10/RASSF2/LRRC17/SOCS1/GPR68/VEGFA/TNFSF13B/IL34/MAFB/TNFAIP6/TNFRSF11B/CAMK4/MERTK/BLNK/LFNG/EGR3/INPP5D/IL31RA/TNFSF9/ICOSLG/BATF2",25
"GO:0032413","negative regulation of ion transmembrane transporter activity","6/294","28/11681",0.214285714285714,8.51384839650146,6.39606689032516,5.70375948457237e-05,0.00255918682136734,0.00191573639197895,"SLC6A9/EPHB2/CLIC2/NEDD4L/KCNE3/ADRA2A",6
"GO:0045596","negative regulation of cell differentiation","26/294","448/11681",0.0580357142857143,2.30583394071914,4.52865781065661,6.39675782632443e-05,0.00283284989451511,0.00212059299095513,"SOX4/CCN3/FST/EPHB2/TMEM119/DUSP10/SEMA3A/CDKN2B/TENT5C/FGF13/LRRC17/SOX9/SOCS1/TRIB3/GPR68/VEGFA/TGFB2/SEMA6D/FGF10/MAFB/TNFAIP6/TNFRSF11B/GDF5/PI16/SFRP2/INPP5D",26
"GO:0032793","positive regulation of CREB transcription factor activity","4/294","10/11681",0.4,15.8925170068027,7.57015020003768,7.32525994633415e-05,0.00306326904489231,0.00229307838674606,"ADCY1/RPS6KA5/ADCY8/EPHA5",4
"GO:0043278","response to morphine","4/294","10/11681",0.4,15.8925170068027,7.57015020003768,7.32525994633415e-05,0.00306326904489231,0.00229307838674606,"PPP1R1B/PRKCE/ADCY8/ADRA2A",4
"GO:0019229","regulation of vasoconstriction","7/294","42/11681",0.166666666666667,6.6218820861678,5.8646077480749,7.54588269123033e-05,0.00306326904489231,0.00229307838674606,"BDKRB2/AGT/ADRA2A/ARHGAP42/PER2/PTGS2/HTR2A",7
"GO:0051952","regulation of amine transport","7/294","42/11681",0.166666666666667,6.6218820861678,5.8646077480749,7.54588269123033e-05,0.00306326904489231,0.00229307838674606,"CXCL12/P2RX7/ADRA2A/PER2/ADORA1/SLC7A5/HTR2A",7
"GO:0060688","regulation of morphogenesis of a branching structure","7/294","42/11681",0.166666666666667,6.6218820861678,5.8646077480749,7.54588269123033e-05,0.00306326904489231,0.00229307838674606,"WNT2/SOX9/LGR4/VEGFA/FGF10/AGT/FGFR2",7
"GO:0070665","positive regulation of leukocyte proliferation","10/294","89/11681",0.112359550561798,4.4641901704502,5.27118147696974,7.68826250655984e-05,0.00308435001733754,0.00230885901899785,"VCAM1/CDKN1A/EPHB2/SLC39A10/TNFSF13B/IL34/FGF10/IL12A/TNFSF9/ICOSLG",10
"GO:0050670","regulation of lymphocyte proliferation","12/294","130/11681",0.0923076923076923,3.66750392464678,4.91425148488157,0.000105377464605098,0.00386821843101743,0.0028956412085869,"VCAM1/CDKN1A/PDE5A/EPHB2/SLC39A10/TNFSF13B/FGF10/IL12A/INPP5D/TSPAN32/TNFSF9/ICOSLG",12
"GO:0009914","hormone transport","15/294","193/11681",0.077720207253886,3.08792428888654,4.69960777692084,0.00010833560844608,0.00393004707235247,0.00294192441748873,"CCKAR/SOX4/CCN3/LIF/PRKCE/GPR68/AGT/ADCY8/ADRA2A/PER2/ADORA1/RAPGEF4/EPHA5/ACVR1C/SLC7A5",15
"GO:0045779","negative regulation of bone resorption","4/294","11/11681",0.363636363636364,14.447742733457,7.1696958554606,0.000112834935878294,0.00396667145716477,0.00296934041784985,"TMEM119/P2RX7/TNFRSF11B/INPP5D",4
"GO:0050965","detection of temperature stimulus involved in sensory perception of pain","4/294","11/11681",0.363636363636364,14.447742733457,7.1696958554606,0.000112834935878294,0.00396667145716477,0.00296934041784985,"CXCL12/LXN/ADORA1/HTR2A",4
"GO:0099560","synaptic membrane adhesion","5/294","21/11681",0.238095238095238,9.45983155166829,6.23465625835196,0.000142617425552555,0.00486325421134213,0.00364049744173628,"FLRT3/CDH6/TENM4/CDH10/LRRC4",5
"GO:0021675","nerve development","8/294","62/11681",0.129032258064516,5.1266183892912,5.23475311905619,0.000152050403970283,0.00508325370135947,0.00380518296829657,"VCAM1/EPHB2/SEMA3A/SLITRK6/MAFB/EGR2/NGF/KCNA3",8
"GO:0042472","inner ear morphogenesis","8/294","62/11681",0.129032258064516,5.1266183892912,5.23475311905619,0.000152050403970283,0.00508325370135947,0.00380518296829657,"TBX18/EPHB2/ALDH1A3/SOX9/SLITRK6/FGF10/MAFB/FGFR2",8
"GO:0050878","regulation of body fluid levels","17/294","247/11681",0.0688259109311741,2.73454239995593,4.42715501985515,0.00017017758332038,0.00542341644039715,0.00405981937581821,"RAP2B/EPHB2/AQP3/PLA2G4A/PRKCE/SLC7A11/CORO2B/VEGFA/FGF10/MERTK/ADRA2A/NFE2/PRRG3/ADORA1/HSD11B2/TSPAN32/HTR2A",17
"GO:0010817","regulation of hormone levels","20/294","320/11681",0.0625,2.48320578231292,4.32273433276176,0.000171878614571603,0.00542690810823303,0.00406243314167776,"CCKAR/SOX4/CCN3/CRABP2/CPA4/LIF/PRKCE/ALDH1A3/HSD17B6/GPR68/AGT/ADCY8/ADRA2A/PER2/ADORA1/RAPGEF4/EPHA5/ACVR1C/SLC7A5/RBP1",20
"GO:0002686","negative regulation of leukocyte migration","6/294","34/11681",0.176470588235294,7.01140456182473,5.64025583662571,0.000179338654137877,0.00551139201370404,0.00412567545399978,"CXCL12/CCN3/GDF15/TNFAIP6/HMOX1/ADORA1",6
"GO:1905330","regulation of morphogenesis of an epithelium","7/294","48/11681",0.145833333333333,5.79414682539683,5.34781668018477,0.00018101932713632,0.00551139201370404,0.00412567545399978,"WNT2/LIF/SOX9/LGR4/VEGFA/FGF10/AGT",7
"GO:0050678","regulation of epithelial cell proliferation","17/294","249/11681",0.0682730923694779,2.71257820397235,4.38913970339686,0.000187423738277289,0.0056433152610504,0.00422442954408002,"CXCL12/WNT2/DUSP10/ST8SIA1/CDKN2B/ROBO1/SOX9/VEGFA/TGFB2/FGF10/VASH2/GDF5/IL12A/FGFR2/SFRP2/EGR3/HMOX1",17
"GO:0040008","regulation of growth","25/294","452/11681",0.0553097345132743,2.19752724098489,4.17229016519518,0.000188662152422213,0.0056433152610504,0.00422442954408002,"CXCL12/WNT2/CCN3/CDKN1A/GDF15/CRABP2/RND2/DUSP10/SEMA3A/FGF13/KAZALD1/BRCA1/NEDD4L/BDKRB1/VEGFA/TGFB2/SEMA6D/AGT/SPTBN4/GDF5/NRG1/PI16/FGFR2/SFRP2/LGI1",25
"GO:0016049","cell growth","22/294","374/11681",0.0588235294117647,2.33713485394158,4.22306475327216,0.00019533923229287,0.00577951538832578,0.00432638518805063,"CXCL12/CCN3/CDKN1A/CRABP2/FLRT3/RND2/SEMA3A/POSTN/FGF13/KAZALD1/SOX9/BRCA1/NEDD4L/BDKRB1/VEGFA/TGFB2/SEMA6D/AGT/NRG1/PI16/SFRP2/LGI1",22
"GO:0048880","sensory system development","18/294","276/11681",0.0652173913043478,2.59117125110914,4.29847342369842,0.000215526183031371,0.00620837043748136,0.00464741420308452,"SOX4/WNT2/EPHB2/ALDH1A3/SEMA3A/RHOJ/SLC7A11/SOX9/SLITRK6/VEGFA/TGFB2/CDON/FGF10/RAB11FIP4/MERTK/SAMD11/PER2/ABCB5",18
"GO:0048839","inner ear development","11/294","120/11681",0.0916666666666667,3.64203514739229,4.67435765989705,0.000216655742539672,0.00620837043748136,0.00464741420308452,"TBX18/EPHB2/ALDH1A3/BMPER/SOX9/SLITRK6/TGFB2/FGF10/MAFB/PLPPR4/FGFR2",11
"GO:0060441","epithelial tube branching involved in lung morphogenesis","5/294","23/11681",0.217391304347826,8.63723750369713,5.89085883025727,0.000226289599941667,0.00639602240034298,0.00478788526650153,"WNT2/SOX9/FGF10/RSPO2/FGFR2",5
"GO:0002696","positive regulation of leukocyte activation","16/294","233/11681",0.0686695278969957,2.7283290998803,4.28183589558156,0.000270470808112219,0.00704049966154707,0.0052703230990127,"VCAM1/SOX4/CDKN1A/TSLP/EPHB2/PLA2G4A/SLC39A10/DUSP10/SOCS1/TNFSF13B/FGF10/IL12A/EGR3/INPP5D/TNFSF9/ICOSLG",16
"GO:0046942","carboxylic acid transport","15/294","210/11681",0.0714285714285714,2.83794946550049,4.31850075661664,0.000274517418819172,0.00707265052343139,0.00529439034397936,"SLC6A6/SLC6A9/SLC7A14/CRABP2/PLA2G4A/SLC7A11/P2RX7/BDKRB2/SLC51B/PER2/ADORA1/PTGS2/SLC7A5/FOLR3/RBP1",15
"GO:1902042","negative regulation of extrinsic apoptotic signaling pathway via death domain receptors","5/294","24/11681",0.208333333333333,8.27735260770975,5.73424265649925,0.00028000229344963,0.00707265052343139,0.00529439034397936,"ARHGEF2/FAIM2/BRCA1/SFRP2/HMOX1",5
"GO:0003012","muscle system process","18/294","283/11681",0.0636042402826855,2.52707867599337,4.17859933153417,0.000292910411973047,0.00723785873063833,0.00541806063336871,"PDE5A/SGCD/CLIC2/FGF13/BDKRB2/NEDD4L/AGT/SCN1B/KCNE3/PI16/CACNA1G/ADRA2A/ARHGAP42/HMOX1/KCND2/ADORA1/PTGS2/HTR2A",18
"GO:0007610","behavior","23/294","413/11681",0.0556900726392252,2.21263856632241,4.03156261410573,0.000309649338985449,0.00754217318528844,0.0056458620078174,"CXCL12/GDF15/EPHB2/ADCY1/TUBA1A/PPP1R1B/PRKCE/ALDH1A3/PLK2/PER3/SLC7A11/ADM2/FGF13/SLITRK6/SPTBN4/ADCY8/CAMK4/EGR2/RASD2/KCND2/ADORA1/PTGS2/HTR2A",23
"GO:0090190","positive regulation of branching involved in ureteric bud morphogenesis","4/294","14/11681",0.285714285714286,11.3517978620019,6.22716865472745,0.000322391574946916,0.007687799094888,0.00575487353144108,"SOX9/LGR4/VEGFA/AGT",4
"GO:0098742","cell-cell adhesion via plasma-membrane adhesion molecules","12/294","148/11681",0.0810810810810811,3.22145615002758,4.37006486182623,0.000356941451292087,0.00811520026725083,0.00607481421456499,"VCAM1/FLRT3/CLDN11/ROBO1/CDH6/TENM4/TGFB2/CDH10/CADM1/PCDHGC5/LRRC4/PCDH1",12
"GO:0044344","cellular response to fibroblast growth factor stimulus","10/294","107/11681",0.0934579439252336,3.71320490813148,4.53026044259974,0.000356973618794025,0.00811520026725083,0.00607481421456499,"COL1A1/EPHB2/FLRT3/EPHB3/POSTN/FGF10/MERTK/FGFR2/EGR3/EPHA5",10
"GO:0046651","lymphocyte proliferation","13/294","170/11681",0.0764705882352941,3.03827531012405,4.3015126442914,0.000362682805524098,0.00819038653534553,0.00613109657299364,"VCAM1/CDKN1A/PDE5A/EPHB2/SLC39A10/P2RX7/TNFSF13B/FGF10/IL12A/INPP5D/TSPAN32/TNFSF9/ICOSLG",13
"GO:0050808","synapse organization","22/294","396/11681",0.0555555555555556,2.2072940287226,3.92735618023998,0.000431993998067023,0.00937850544610958,0.00702048949122264,"AMOT/EPHB2/FLRT3/TUBA1A/RPS6KA5/EPHB3/TUBB/CDH6/SLC7A11/FGF13/LRRTM2/CTTNBP2/NEDD4L/SLITRK6/TENM4/CDH10/SPTBN4/PLPPR4/DRP2/PAK3/PCDHGC5/LRRC4",22
"GO:0001558","regulation of cell growth","19/294","318/11681",0.059748427672956,2.37388225730544,3.99123222937652,0.000438626330931277,0.00940701753758272,0.00704183285341507,"CXCL12/CCN3/CDKN1A/CRABP2/RND2/SEMA3A/FGF13/KAZALD1/BRCA1/NEDD4L/BDKRB1/VEGFA/TGFB2/SEMA6D/AGT/NRG1/PI16/SFRP2/LGI1",19
"GO:0051338","regulation of transferase activity","21/294","372/11681",0.0564516129032258,2.2428955453149,3.91457326426143,0.000472177669132117,0.00964448506004298,0.00721959446538176,"CDKN1A/RAP2B/EPHB2/NEK10/WARS1/LDB2/DUSP10/CDKN2B/ROBO1/PKIA/RASSF2/TRIB3/TGFB2/IL34/AGT/ADCY8/NRG1/TNFSF15/ADRA2A/CIMAP3/DIRAS3",21
"GO:0042633","hair cycle","8/294","73/11681",0.10958904109589,4.3541142484391,4.61903239527964,0.000476086300948124,0.00964448506004298,0.00721959446538176,"FST/LDB2/SOX9/LGR4/TGFB2/FGF10/FGFR2/PTGS2",8
"GO:0001894","tissue homeostasis","13/294","175/11681",0.0742857142857143,2.95146744412051,4.17934839789647,0.000479317235594012,0.00964448506004298,0.00721959446538176,"TMEM119/TUBA1A/LDB2/S1PR1/P2RX7/SOX9/VEGFA/TNFRSF11B/CRACD/CUBN/ACP5/INPP5D/PTGS2",13
"GO:0060249","anatomical structure homeostasis","13/294","175/11681",0.0742857142857143,2.95146744412051,4.17934839789647,0.000479317235594012,0.00964448506004298,0.00721959446538176,"TMEM119/TUBA1A/LDB2/S1PR1/P2RX7/SOX9/VEGFA/TNFRSF11B/CRACD/CUBN/ACP5/INPP5D/PTGS2",13
"GO:0071774","response to fibroblast growth factor","10/294","111/11681",0.0900900900900901,3.57939572225287,4.38735939404441,0.000479432690918452,0.00964448506004298,0.00721959446538176,"COL1A1/EPHB2/FLRT3/EPHB3/POSTN/FGF10/MERTK/FGFR2/EGR3/EPHA5",10
"GO:0042886","amide transport","14/294","198/11681",0.0707070707070707,2.80928330928331,4.12574057108379,0.000483638400371657,0.00964448506004298,0.00721959446538176,"SOX4/CCN3/AQP3/PRKCE/SLC7A11/GPR68/ADCY8/ADRA2A/PER2/ADORA1/RAPGEF4/EPHA5/ACVR1C/FOLR3",14
"GO:0070661","leukocyte proliferation","14/294","198/11681",0.0707070707070707,2.80928330928331,4.12574057108379,0.000483638400371657,0.00964448506004298,0.00721959446538176,"VCAM1/CDKN1A/PDE5A/EPHB2/SLC39A10/P2RX7/TNFSF13B/IL34/FGF10/IL12A/INPP5D/TSPAN32/TNFSF9/ICOSLG",14
"GO:0060326","cell chemotaxis","13/294","178/11681",0.0730337078651685,2.90172361079263,4.10811191211281,0.000563506785291726,0.0105003176931409,0.00786024707697691,"VCAM1/CXCL12/CCN3/S1PR1/VEGFA/TGFB2/IL34/TNFAIP6/IL12A/ACKR4/CH25H/EGR3/CCL7",13
"GO:0030282","bone mineralization","9/294","94/11681",0.0957446808510638,3.80405992184108,4.38587388750903,0.000586218718680158,0.0108054369226991,0.00808865088363803,"TMEM119/TENT5A/S1PR1/P2RX7/SOX9/LGR4/RSPO2/FGFR2/PTGS2",9
"GO:0030510","regulation of BMP signaling pathway","8/294","77/11681",0.103896103896104,4.12792649527344,4.42474724570934,0.000683397482155357,0.01213742403203,0.0090857395516817,"FST/BMPER/TNFAIP6/FSTL5/CHRDL2/GDF5/SFRP4/SFRP2",8
"GO:0033002","muscle cell proliferation","12/294","160/11681",0.075,2.97984693877551,4.05169686799448,0.000721396538807899,0.0126278792593312,0.00945288075439984,"WNT2/CCN3/CDKN1A/S1PR1/TENM4/JUN/TGFB2/NRG1/IL12A/FGFR2/HMOX1/PTGS2",12
"GO:0048644","muscle organ morphogenesis","6/294","44/11681",0.136363636363636,5.41790352504638,4.71750615193388,0.000762359905553811,0.0131792296192031,0.00986560636720713,"WNT2/LIF/S1PR1/TGFB2/NRG1/FGFR2",6
"GO:0050900","leukocyte migration","15/294","232/11681",0.0646551724137931,2.56883356790992,3.87817599874761,0.00078406962572066,0.0133683871185373,0.01000720443354,"VCAM1/CXCL12/CCN3/GDF15/S1PR1/BDKRB1/VEGFA/TGFB2/IL34/TNFAIP6/IL12A/CH25H/HMOX1/ADORA1/CCL7",15
"GO:0048588","developmental cell growth","12/294","162/11681",0.0740740740740741,2.94305870496347,4.00153358589264,0.000805231546185138,0.013651876217492,0.0102194165233579,"CXCL12/CRABP2/FLRT3/RND2/SEMA3A/POSTN/FGF13/SOX9/NEDD4L/VEGFA/SEMA6D/PI16",12
"GO:0070482","response to oxygen levels","17/294","283/11681",0.0600706713780919,2.38668541621596,3.7944362948287,0.00082071396615421,0.013651876217492,0.0102194165233579,"VCAM1/CXCL12/SOX4/COL1A1/CDKN1A/AQP3/LIF/PRKCE/POSTN/VEGFA/TGFB2/FGFR2/KCND2/ADORA1/HSD11B2/PTGS2/SLC7A5",17
"GO:0043534","blood vessel endothelial cell migration","9/294","99/11681",0.0909090909090909,3.61193568336425,4.19352003146509,0.000855282450764654,0.0139546084072128,0.0104460334580926,"AMOT/PIK3R3/RHOJ/PLK2/ROBO1/VEGFA/EGR3/HMOX1/PTGS2",9
"GO:0001942","hair follicle development","7/294","62/11681",0.112903225806452,4.4857910906298,4.42184230831842,0.000895784913937992,0.0143409697489603,0.0107352528603886,"FST/LDB2/SOX9/LGR4/TGFB2/FGF10/FGFR2",7
"GO:0055017","cardiac muscle tissue growth","7/294","62/11681",0.112903225806452,4.4857910906298,4.42184230831842,0.000895784913937992,0.0143409697489603,0.0107352528603886,"WNT2/S1PR1/TENM4/TGFB2/NRG1/PI16/FGFR2",7
"GO:0003338","metanephros morphogenesis","4/294","18/11681",0.222222222222222,8.8291761148904,5.34118478881238,0.000910187575132111,0.0144359982846535,0.0108063885909198,"LIF/SOX9/LGR4/FGF10",4
"GO:0045747","positive regulation of Notch signaling pathway","5/294","31/11681",0.161290322580645,6.408272986614,4.84470029087817,0.000969122482454481,0.0149659563388156,0.0112031005160141,"CCN3/ROBO1/TGFB2/FGF10/LFNG",5
"GO:1902305","regulation of sodium ion transmembrane transport","5/294","31/11681",0.161290322580645,6.408272986614,4.84470029087817,0.000969122482454481,0.0149659563388156,0.0112031005160141,"PRKCE/FGF13/NEDD4L/AGT/SCN1B",5
"GO:0045833","negative regulation of lipid metabolic process","7/294","63/11681",0.111111111111111,4.4145880574452,4.36649866758217,0.000986455361770788,0.015152309836209,0.0113425995841354,"SOX9/BRCA1/TRIB3/ADRA2A/CH25H/ADORA1/ASXL3",7
"GO:0001649","osteoblast differentiation","13/294","190/11681",0.068421052631579,2.71845685642678,3.83731054967639,0.00103628249917722,0.0158289540842619,0.0118491167323152,"COL1A1/ITGA11/TMEM119/TENT5A/RASSF2/SOX9/LGR4/DNAI3/VEGFA/RSPO2/TNFAIP6/FGFR2/SFRP2",13
"GO:0001508","action potential","9/294","102/11681",0.0882352941176471,3.50570228091237,4.08398796404498,0.00105993645768519,0.0160639258698066,0.0120250101047325,"TBX18/FGF13/NEDD4L/SCN1B/KCNS1/KCNE3/CACNA1G/KCND2/KCNA3",9
"GO:0045932","negative regulation of muscle contraction","4/294","19/11681",0.210526315789474,8.36448263515933,5.16205884137396,0.00113025462476976,0.0164007160445314,0.012277121903994,"PDE5A/ADRA2A/ARHGAP42/PTGS2",4
"GO:0050927","positive regulation of positive chemotaxis","4/294","19/11681",0.210526315789474,8.36448263515933,5.16205884137396,0.00113025462476976,0.0164007160445314,0.012277121903994,"CXCL12/S1PR1/VEGFA/FGF10",4
"GO:1901890","positive regulation of cell junction assembly","7/294","66/11681",0.106060606060606,4.21392496392496,4.20715507148361,0.00130239932409525,0.0180558736225633,0.0135161270364921,"EPHB2/FLRT3/EPHB3/LRRTM2/SLITRK6/VEGFA/AGT",7
"GO:0006814","sodium ion transport","10/294","128/11681",0.078125,3.10400722789116,3.84587577307532,0.00145180985502937,0.019263313640662,0.0144199832006808,"SLC6A6/SLC6A9/PRKCE/FGF13/P2RX7/NEDD4L/AGT/SCN1B/SPTBN4/KCNE3",10
"GO:0009266","response to temperature stimulus","10/294","128/11681",0.078125,3.10400722789116,3.84587577307532,0.00145180985502937,0.019263313640662,0.0144199832006808,"CXCL12/CDKN1A/ST8SIA1/TRPA1/LXN/HSPA6/HMOX1/ADORA1/PTGS2/HTR2A",10
"GO:0050982","detection of mechanical stimulus","5/294","34/11681",0.147058823529412,5.84283713485394,4.54383665826617,0.00149233326494931,0.0194975342278818,0.0145953142468324,"CXCL12/PIEZO2/TRPA1/PKD1L2/HTR2A",5
"GO:0061383","trabecula morphogenesis","5/294","34/11681",0.147058823529412,5.84283713485394,4.54383665826617,0.00149233326494931,0.0194975342278818,0.0145953142468324,"COL1A1/S1PR1/VEGFA/TGFB2/NRG1",5
"GO:0089718","amino acid import across plasma membrane","5/294","34/11681",0.147058823529412,5.84283713485394,4.54383665826617,0.00149233326494931,0.0194975342278818,0.0145953142468324,"SLC6A6/SLC6A9/SLC7A11/PER2/SLC7A5",5
"GO:0007613","memory","8/294","87/11681",0.0919540229885057,3.65345218547189,3.9915784634167,0.00152883674849268,0.0196634997653552,0.0147195514526891,"ADCY1/TUBA1A/PLK2/FGF13/ADCY8/CAMK4/PTGS2/HTR2A",8
"GO:0060572","morphogenesis of an epithelial bud","3/294","10/11681",0.3,11.919387755102,5.55053288579869,0.00166076273107472,0.0203376186138739,0.0152241781567045,"WNT2/FGF10/FGFR2",3
"GO:0106049","regulation of cellular response to osmotic stress","3/294","10/11681",0.3,11.919387755102,5.55053288579869,0.00166076273107472,0.0203376186138739,0.0152241781567045,"ARHGEF2/BDKRB2/PTGS2",3
"GO:0048730","epidermis morphogenesis","4/294","21/11681",0.19047619047619,7.56786524133463,4.84033067098413,0.00167743122461409,0.0203376186138739,0.0152241781567045,"FST/TGFB2/FGF10/FGFR2",4
"GO:0022600","digestive system process","6/294","51/11681",0.117647058823529,4.67426970788315,4.22529162896931,0.00167906658856752,0.0203376186138739,0.0152241781567045,"SOX9/EPB41/FGF10/CRACD/ADRA2A/NPC1L1",6
"GO:0051145","smooth muscle cell differentiation","6/294","51/11681",0.117647058823529,4.67426970788315,4.22529162896931,0.00167906658856752,0.0203376186138739,0.0152241781567045,"TBX18/SOX9/VEGFA/FGF10/FGFR2/OLFM2",6
"GO:0002065","columnar/cuboidal epithelial cell differentiation","7/294","69/11681",0.101449275362319,4.03071083505866,4.05700889292817,0.00169246651607069,0.0203376186138739,0.0152241781567045,"SOX4/FST/CDKN1A/TUBB/SOX9/FGFR2/IL31RA",7
"GO:0009581","detection of external stimulus","7/294","69/11681",0.101449275362319,4.03071083505866,4.05700889292817,0.00169246651607069,0.0203376186138739,0.0152241781567045,"CXCL12/PIEZO2/TRPA1/LXN/PKD1L2/ADORA1/HTR2A",7
"GO:0009582","detection of abiotic stimulus","7/294","69/11681",0.101449275362319,4.03071083505866,4.05700889292817,0.00169246651607069,0.0203376186138739,0.0152241781567045,"CXCL12/PIEZO2/TRPA1/LXN/PKD1L2/ADORA1/HTR2A",7
"GO:0036215","response to stem cell factor","5/294","35/11681",0.142857142857143,5.67589893100097,4.45144663098434,0.001705735754712,0.0203376186138739,0.0152241781567045,"EPHB2/EPHB3/MERTK/FGFR2/EPHA5",5
"GO:0036216","cellular response to stem cell factor stimulus","5/294","35/11681",0.142857142857143,5.67589893100097,4.45144663098434,0.001705735754712,0.0203376186138739,0.0152241781567045,"EPHB2/EPHB3/MERTK/FGFR2/EPHA5",5
"GO:0038109","Kit signaling pathway","5/294","35/11681",0.142857142857143,5.67589893100097,4.45144663098434,0.001705735754712,0.0203376186138739,0.0152241781567045,"EPHB2/EPHB3/MERTK/FGFR2/EPHA5",5
"GO:0051965","positive regulation of synapse assembly","5/294","35/11681",0.142857142857143,5.67589893100097,4.45144663098434,0.001705735754712,0.0203376186138739,0.0152241781567045,"EPHB2/FLRT3/EPHB3/LRRTM2/SLITRK6",5
"GO:0008544","epidermis development","13/294","202/11681",0.0643564356435644,2.55696436990638,3.58668104146928,0.00180360304506183,0.0213551610543779,0.0159858822524669,"FST/CDKN1A/CRABP2/AQP3/LDB2/SOX9/LGR4/SLITRK6/TGFB2/FGF10/MAFB/SFRP4/FGFR2",13
"GO:0050807","regulation of synapse organization","14/294","227/11681",0.0616740088105727,2.45038808474932,3.54575716172412,0.00182081496768721,0.0214362719071921,0.016046599590968,"AMOT/EPHB2/FLRT3/TUBA1A/RPS6KA5/EPHB3/TUBB/SLC7A11/LRRTM2/CTTNBP2/NEDD4L/SLITRK6/PLPPR4/PAK3",14
"GO:0021953","central nervous system neuron differentiation","10/294","133/11681",0.075187969924812,2.98731522684262,3.70364727742644,0.00193512004235811,0.0224331193127709,0.0167928119566197,"WNT2/EPHB2/TUBA1A/EPHB3/ROBO1/FAIM2/SCN1B/SPTBN4/FGFR2/SFRP2",10
"GO:0051347","positive regulation of transferase activity","13/294","205/11681",0.0634146341463415,2.51954537912726,3.52684002829481,0.0020555063724354,0.0233094331298794,0.0174487962154522,"CDKN1A/NEK10/ROBO1/RASSF2/TRIB3/TGFB2/IL34/AGT/ADCY8/NRG1/TNFSF15/ADRA2A/CIMAP3",13
"GO:0050803","regulation of synapse structure or activity","14/294","230/11681",0.0608695652173913,2.4184265010352,3.49091660255428,0.00205751887744683,0.0233094331298794,0.0174487962154522,"AMOT/EPHB2/FLRT3/TUBA1A/RPS6KA5/EPHB3/TUBB/SLC7A11/LRRTM2/CTTNBP2/NEDD4L/SLITRK6/PLPPR4/PAK3",14
"GO:0032409","regulation of transporter activity","9/294","113/11681",0.079646017699115,3.16443922701824,3.71488953538327,0.00217396343167006,0.0244992264553855,0.0183394425541935,"SLC6A9/EPHB2/CLIC2/FGF13/NEDD4L/CNIH3/SCN1B/KCNE3/ADRA2A",9
"GO:0090263","positive regulation of canonical Wnt signaling pathway","8/294","92/11681",0.0869565217391304,3.45489500147885,3.79834387508936,0.00218637505010019,0.0244992264553855,0.0183394425541935,"SOX4/COL1A1/LGR4/FGF10/RSPO2/SFRP4/FGFR2/SFRP2",8
"GO:0032310","prostaglandin secretion","3/294","11/11681",0.272727272727273,10.8358070500928,5.24398380009993,0.00224123565427338,0.0247333772850233,0.0185147213817508,"PLA2G4A/P2RX7/PTGS2",3
"GO:0047484","regulation of response to osmotic stress","3/294","11/11681",0.272727272727273,10.8358070500928,5.24398380009993,0.00224123565427338,0.0247333772850233,0.0185147213817508,"ARHGEF2/BDKRB2/PTGS2",3
"GO:0045785","positive regulation of cell adhesion","18/294","338/11681",0.0532544378698225,2.11586764883468,3.34501059038395,0.00226625287611271,0.0248486247831008,0.0186009924676708,"VCAM1/CXCL12/SOX4/LIF/PRKCE/DUSP10/SOCS1/VEGFA/TNFSF13B/TGFB2/NRG1/IL12A/FRMD5/SFRP2/EGR3/TNFSF9/ICOSLG/HTR2A",18
"GO:0031128","developmental induction","4/294","23/11681",0.173913043478261,6.90979000295771,4.55842031978663,0.00238553987896177,0.0256614857642259,0.0192094776904608,"WNT2/ROBO1/SOX9/FGF10",4
"GO:0006813","potassium ion transport","9/294","115/11681",0.0782608695652174,3.10940550133097,3.65264804064921,0.00245169299036699,0.0260444644771073,0.0194961649504508,"NEDD4L/KCNK15/KCNS1/KCNE3/ADRA2A/KCND2/ADORA1/KCNA3/HTR2A",9
"GO:0001823","mesonephros development","7/294","74/11681",0.0945945945945946,3.75836550836551,3.8247064436079,0.00253790600117701,0.0264656252722129,0.0198114342599526,"BMPER/SOX9/LGR4/VEGFA/FGF10/AGT/FGFR2",7
"GO:0045444","fat cell differentiation","12/294","186/11681",0.0645161290322581,2.5633091946456,3.45332372857532,0.0026208840031934,0.0270824680329985,0.0202731856706348,"DUSP10/SOCS1/TRIB3/VEGFA/FGF10/MAFB/EGR2/SFRP2/PER2/PTGS2/FNDC5/HTR2A",12
"GO:0043068","positive regulation of programmed cell death","21/294","427/11681",0.0491803278688525,1.95399799263968,3.22699557035073,0.00264933599448801,0.0272937635685925,0.0204313556579216,"SOX4/CDKN1A/ALDH1A3/RASSF2/P2RX7/JUN/TGFB2/AGT/G0S2/IL12A/TNFSF15/CAMK2A/SFRP4/SFRP2/HMOX1/INPP5D/CSRNP3/PTGS2/ACVR1C/GADD45G/HTR2A",21
"GO:0070252","actin-mediated cell contraction","7/294","75/11681",0.0933333333333333,3.70825396825397,3.78067341143236,0.00274025942536662,0.0278468157181378,0.0208453551833568,"SGCD/FGF13/NEDD4L/SCN1B/KCNE3/CACNA1G/ADORA1",7
"GO:1901699","cellular response to nitrogen compound","23/294","486/11681",0.0473251028806584,1.88028750594888,3.18508516900054,0.00274385046372267,0.0278468157181378,0.0208453551833568,"VCAM1/GDF15/ARHGEF2/EPHB2/PPP1R1B/PIK3R3/IFIT1/EPHB3/P2RX7/SOX9/BRCA1/SOCS1/TRIB3/GNG2/AGT/ADCY8/MERTK/CAMK2A/FGFR2/PTGS2/EPHA5/SLC7A5/HTR2A",23
"GO:0036005","response to macrophage colony-stimulating factor","5/294","39/11681",0.128205128205128,5.09375545089831,4.11463037599776,0.00278748475665046,0.0278901146574607,0.0208777675704097,"EPHB2/EPHB3/MERTK/FGFR2/EPHA5",5
"GO:0090183","regulation of kidney development","4/294","24/11681",0.166666666666667,6.6218820861678,4.42980267771548,0.00280664739606419,0.0278901146574607,0.0208777675704097,"SOX9/LGR4/VEGFA/AGT",4
"GO:0001667","ameboidal-type cell migration","12/294","188/11681",0.0638297872340425,2.53603994789405,3.41157684505037,0.00286192352190688,0.0281243781259437,0.0210531307162875,"CCN3/AMOT/PRKCE/DUSP10/SEMA3A/SOX9/ENPP2/VEGFA/TGFB2/SEMA6D/FGF10/ACVR1C",12
"GO:0003228","atrial cardiac muscle tissue development","3/294","12/11681",0.25,9.9328231292517,4.97454042404238,0.0029330114833113,0.0281734342481452,0.0210898527710301,"WNT2/TBX18/CACNA1G",3
"GO:0015732","prostaglandin transport","3/294","12/11681",0.25,9.9328231292517,4.97454042404238,0.0029330114833113,0.0281734342481452,0.0210898527710301,"PLA2G4A/P2RX7/PTGS2",3
"GO:0072234","metanephric nephron tubule development","3/294","12/11681",0.25,9.9328231292517,4.97454042404238,0.0029330114833113,0.0281734342481452,0.0210898527710301,"LIF/SOX9/LGR4",3
"GO:0045666","positive regulation of neuron differentiation","6/294","57/11681",0.105263157894737,4.18224131757966,3.86975227018874,0.00298386545262486,0.0285506423869303,0.0213722203390357,"CXCL12/ARHGEF2/CDON/GDF5/SH3GL3/NGF",6
"GO:0007548","sex differentiation","12/294","189/11681",0.0634920634920635,2.52262174711154,3.39090441739505,0.00298902619710678,0.0285506423869303,0.0213722203390357,"LHFPL2/FST/SOX9/LGR4/VEGFA/TGFB2/FGF10/TNFAIP6/MERTK/LFNG/SFRP2/KIF18A",12
"GO:0003208","cardiac ventricle morphogenesis","5/294","40/11681",0.125,4.96641156462585,4.03759778047748,0.00312127380977452,0.0294020543959423,0.0220095637938447,"SOX4/TGFB2/NRG1/FGFR2/SFRP2",5
"GO:0060349","bone morphogenesis","7/294","77/11681",0.0909090909090909,3.61193568336425,3.69482954231814,0.00318190698986009,0.0298085242731398,0.0223138358889841,"COL1A1/TMEM119/SOX9/COL27A1/SFRP4/FGFR2/ACP5",7
"GO:0141091","transforming growth factor beta receptor superfamily signaling pathway","15/294","268/11681",0.0559701492537313,2.22376637222053,3.2565400956826,0.00324347512772589,0.0299489450026161,0.0224189509588961,"FST/GDF15/CDKN2B/BMPER/JUN/TGFB2/FGF10/TNFAIP6/FSTL5/PMEPA1/CHRDL2/GDF5/SFRP4/SFRP2/ACVR1C",15
"GO:0010092","specification of animal organ identity","4/294","25/11681",0.16,6.35700680272109,4.3083190684588,0.00327594031846798,0.0299489450026161,0.0224189509588961,"WNT2/ROBO1/FGF10/FGFR2",4
"GO:0014850","response to muscle activity","4/294","25/11681",0.16,6.35700680272109,4.3083190684588,0.00327594031846798,0.0299489450026161,0.0224189509588961,"POSTN/AGT/SLC7A5/FNDC5",4
"GO:0030856","regulation of epithelial cell differentiation","8/294","99/11681",0.0808080808080808,3.21060949632378,3.54918203523311,0.00345881661659713,0.0313685230388197,0.0234816077694514,"FST/AQP3/LIF/CDKN2B/SOX9/VEGFA/FGF10/SFRP4",8
"GO:0035592","establishment of protein localization to extracellular region","14/294","244/11681",0.0573770491803279,2.27966432474629,3.24582679762527,0.00352482431261397,0.0318823631459247,0.023866254245676,"SOX4/CCN3/PRKCE/P2RX7/GPR68/TGFB2/ADCY8/IL12A/ADRA2A/OLFM2/PER2/RAPGEF4/EPHA5/ACVR1C",14
"GO:0001763","morphogenesis of a branching structure","10/294","145/11681",0.0689655172413793,2.74008913910392,3.38780418399403,0.00363468361213395,0.0327025623149783,0.0244802326327589,"WNT2/FGF13/SOX9/LGR4/VEGFA/FGF10/AGT/RSPO2/FGFR2/SFRP2",10
"GO:0009190","cyclic nucleotide biosynthetic process","3/294","13/11681",0.230769230769231,9.16875981161695,4.73500038618576,0.00374244077968222,0.0330614587013377,0.024748892529941,"ADCY1/ADCY4/ADCY8",3
"GO:0055057","neuroblast division","3/294","13/11681",0.230769230769231,9.16875981161695,4.73500038618576,0.00374244077968222,0.0330614587013377,0.024748892529941,"ARHGEF2/FGF13/FGFR2",3
"GO:0032535","regulation of cellular component size","15/294","273/11681",0.0549450549450549,2.18303805038499,3.17808645040412,0.00385551126366029,0.0338898457781351,0.0253690001580421,"CXCL12/DNM1/AMOT/CRABP2/ARHGAP28/PRKCE/RND2/SEMA3A/FGF13/P2RX7/VEGFA/SEMA6D/SPTBN4/CRACD/PAK3",15
"GO:0071692","protein localization to extracellular region","14/294","247/11681",0.0566801619433198,2.25197609408136,3.19547809831097,0.00393031396929003,0.0342381536607148,0.0256297337944847,"SOX4/CCN3/PRKCE/P2RX7/GPR68/TGFB2/ADCY8/IL12A/ADRA2A/OLFM2/PER2/RAPGEF4/EPHA5/ACVR1C",14
"GO:0043434","response to peptide hormone","18/294","356/11681",0.050561797752809,2.00888557670259,3.10626306836385,0.0039358815938417,0.0342381536607148,0.0256297337944847,"CXCL12/COL1A1/GDF15/EPHB2/PIK3R3/EPHB3/SOCS1/TRIB3/AGT/ADCY8/EGR2/MERTK/CAMK2A/FGFR2/HSD11B2/PTGS2/EPHA5/ACVR1C",18
"GO:0021537","telencephalon development","12/294","196/11681",0.0612244897959184,2.43252811328613,3.24979612060908,0.00401264960766382,0.0345533716215495,0.0258656972317511,"CXCL12/EPHB2/TUBA1A/ALDH1A3/SEMA3A/EPHB3/ROBO1/SLC7A11/FGF13/CDON/EPHA5/KCNA3",12
"GO:0050728","negative regulation of inflammatory response","8/294","102/11681",0.0784313725490196,3.11617980525544,3.44911401496246,0.00415383963196019,0.0355894300125232,0.0266412618553384,"CCN3/TRIM45/DUSP10/PLK2/IER3/TNFAIP6/ACP5/ADORA1",8
"GO:0007586","digestion","6/294","61/11681",0.0983606557377049,3.90799598527936,3.65886244392295,0.00419977216016775,0.0356725030844718,0.0267034480567508,"SOX9/EPB41/FGF10/CRACD/ADRA2A/NPC1L1",6
"GO:0010660","regulation of muscle cell apoptotic process","6/294","61/11681",0.0983606557377049,3.90799598527936,3.65886244392295,0.00419977216016775,0.0356725030844718,0.0267034480567508,"NRG1/IL12A/CAMK2A/SFRP2/SLC7A5/LYPD3",6
"GO:0040013","negative regulation of locomotion","14/294","249/11681",0.0562248995983936,2.23388793268311,3.16231194716826,0.00422116756917602,0.0356725030844718,0.0267034480567508,"CXCL12/CCN3/GDF15/RAP2B/DUSP10/ROBO1/DNAI3/SEMA6D/TNFAIP6/FRMD5/SFRP2/HMOX1/ADORA1/ACVR1C",14
"GO:0042060","wound healing","16/294","303/11681",0.0528052805280528,2.09802204710267,3.11164351422019,0.0042428901215066,0.0357240871958951,0.0267420624942262,"CDKN1A/RAP2B/EPHB2/PLA2G4A/PRKCE/SLC7A11/VEGFA/TGFB2/FGF10/NRG1/MERTK/ADRA2A/PRRG3/HMOX1/TSPAN32/HTR2A",16
"GO:0007566","embryo implantation","5/294","44/11681",0.113636363636364,4.51491960420532,3.75328586565672,0.00474789465744543,0.0382951884707231,0.028666717716161,"LIF/VEGFA/PTGS2/ACVR1C/TPPP3",5
"GO:0048146","positive regulation of fibroblast proliferation","5/294","44/11681",0.113636363636364,4.51491960420532,3.75328586565672,0.00474789465744543,0.0382951884707231,0.028666717716161,"WNT2/CDKN1A/LIF/FGF10/AGT",5
"GO:0051494","negative regulation of cytoskeleton organization","9/294","127/11681",0.0708661417322835,2.81560340671702,3.30557559989574,0.00476163047260605,0.0382951884707231,0.028666717716161,"ARHGEF2/ARHGAP28/S1PR1/CORO2B/FGF13/BRCA1/DNAI3/SPTBN4/CRACD",9
"GO:0001659","temperature homeostasis","9/294","129/11681",0.0697674418604651,2.7719506407214,3.2516838300956,0.00527237691341902,0.0415214902419373,0.0310818378875437,"SCD/LGR4/VEGFA/G0S2/PER2/ADORA1/PTGS2/GADD45G/HTR2A",9
"GO:0070588","calcium ion transmembrane transport","12/294","203/11681",0.0591133004926108,2.34864783351764,3.11461158094557,0.00530110842885945,0.0416515662267528,0.0311792091680431,"PRKCE/FAIM2/CLIC2/TRPA1/P2RX7/BDKRB1/PKD1L2/CACNA1G/ADRA2A/TMEM37/CATSPER2/HTR2A",12
"GO:0007622","rhythmic behavior","4/294","29/11681",0.137931034482759,5.48017827820783,3.88136498213149,0.00568476580597727,0.0429371359859823,0.0321415510930721,"PER3/EGR2/KCND2/ADORA1",4
"GO:0001562","response to protozoan","3/294","15/11681",0.2,7.94625850340136,4.32539736356468,0.00573623696745878,0.0429371359859823,0.0321415510930721,"IER3/TSPAN32/BATF2",3
"GO:0032928","regulation of superoxide anion generation","3/294","15/11681",0.2,7.94625850340136,4.32539736356468,0.00573623696745878,0.0429371359859823,0.0321415510930721,"PRKCE/AGT/ACP5",3
"GO:0099601","regulation of neurotransmitter receptor activity","3/294","15/11681",0.2,7.94625850340136,4.32539736356468,0.00573623696745878,0.0429371359859823,0.0321415510930721,"SLC6A9/EPHB2/CNIH3",3
"GO:0033627","cell adhesion mediated by integrin","6/294","65/11681",0.0923076923076923,3.66750392464678,3.46516460771007,0.00574782438932761,0.0429371359859823,0.0321415510930721,"VCAM1/CCN3/ITGA11/LIF/TGFB2/SFRP2",6
"GO:0048872","homeostasis of number of cells","14/294","258/11681",0.0542635658914729,2.15596160944998,3.01684919827705,0.00575433171425041,0.0429371359859823,0.0321415510930721,"SOX4/CCN3/TUBA1A/SLC7A11/RASSF2/P2RX7/SOX9/LGR4/VEGFA/TNFSF13B/MAFB/MERTK/HMOX1/INPP5D",14
"GO:0016331","morphogenesis of embryonic epithelium","8/294","108/11681",0.0740740740740741,2.94305870496347,3.25960705748692,0.00586244565175733,0.0435457556247981,0.0325971469023415,"WNT2/TBX18/ALDH1A3/SOX9/TGFB2/FGF10/FGFR2/SFRP2",8
"GO:0046660","female sex differentiation","7/294","86/11681",0.0813953488372093,3.23394241417497,3.34099825825061,0.00587420750363845,0.0435457556247981,0.0325971469023415,"LHFPL2/FST/VEGFA/FGF10/TNFAIP6/MERTK/LFNG",7
"GO:0010657","muscle cell apoptotic process","6/294","66/11681",0.0909090909090909,3.61193568336425,3.41912726028145,0.00619236689585084,0.0454106905695728,0.0339931855629616,"NRG1/IL12A/CAMK2A/SFRP2/SLC7A5/LYPD3",6
"GO:0015908","fatty acid transport","6/294","66/11681",0.0909090909090909,3.61193568336425,3.41912726028145,0.00619236689585084,0.0454106905695728,0.0339931855629616,"CRABP2/PLA2G4A/P2RX7/BDKRB2/PTGS2/RBP1",6
"GO:0035019","somatic stem cell population maintenance","5/294","47/11681",0.106382978723404,4.22673324649009,3.56154051688317,0.00630903605177752,0.0459696857618832,0.0344116338856511,"SOX4/LIF/LDB2/SOX9/FGF10",5
"GO:0001764","neuron migration","9/294","133/11681",0.0676691729323308,2.68858370415835,3.14691819100525,0.00642045588177071,0.0465649711654351,0.0348572480556198,"CXCL12/CCKAR/ARHGEF2/IGSF10/TUBA1A/SEMA3A/FGF13/VEGFA/CAMK2A",9
"GO:0009187","cyclic nucleotide metabolic process","4/294","30/11681",0.133333333333333,5.29750566893424,3.78691808297993,0.00643170129587095,0.0465649711654351,0.0348572480556198,"PDE5A/ADCY1/ADCY4/ADCY8",4
"GO:0051606","detection of stimulus","8/294","110/11681",0.0727272727272727,2.8895485466914,3.19933249030834,0.00653677256977373,0.0472254119977297,0.0353516357754266,"CXCL12/PIEZO2/TRPA1/LXN/PKD1L2/CADM1/ADORA1/HTR2A",8
"GO:0098739","import across plasma membrane","8/294","111/11681",0.0720720720720721,2.86351657780229,3.16970245900752,0.006895209535031,0.0486240222546351,0.0363985966869857,"SLC6A6/SLC6A9/SLC39A10/SLC7A11/NEDD4L/CACNA1G/PER2/SLC7A5",8
"GO:0048608","reproductive structure development","12/294","210/11681",0.0571428571428571,2.27035957240039,2.98487465382645,0.00689970568831222,0.0486240222546351,0.0363985966869857,"FST/SOX9/LGR4/VEGFA/TGFB2/FGF10/TNFAIP6/MERTK/FGFR2/LFNG/SFRP2/KIF18A",12
"GO:0002931","response to ischemia","5/294","48/11681",0.104166666666667,4.13867630385488,3.50115799594153,0.0069009665017985,0.0486240222546351,0.0363985966869857,"AQP3/FAIM2/P2RX7/CAMK2A/PER2",5
"GO:0042573","retinoic acid metabolic process","3/294","16/11681",0.1875,7.44961734693878,4.14803101459501,0.00692999261459022,0.0486240222546351,0.0363985966869857,"CRABP2/ALDH1A3/RBP1",3
"GO:0055093","response to hyperoxia","3/294","16/11681",0.1875,7.44961734693878,4.14803101459501,0.00692999261459022,0.0486240222546351,0.0363985966869857,"COL1A1/CDKN1A/SLC7A5",3
"GO:0030278","regulation of ossification","7/294","89/11681",0.0786516853932584,3.12493311931514,3.2333409966572,0.0070695385708664,0.049298827252872,0.036903737023681,"CCN3/TMEM119/TENT5A/S1PR1/P2RX7/SOX9/EGR2",7
"GO:0042326","negative regulation of phosphorylation","11/294","185/11681",0.0594594594594595,2.36240117668689,3.00128973565551,0.00714429419537991,0.0496815197351397,0.0371902100193591,"CDKN1A/EPHB2/WARS1/DUSP10/CDKN2B/PKIA/RASSF2/SOCS1/TRIB3/AGT/SFRP2",11
"GO:0140353","lipid export from cell","4/294","31/11681",0.129032258064516,5.1266183892912,3.69660136617086,0.00724097223119191,0.0496815197351397,0.0371902100193591,"PLA2G4A/P2RX7/AGT/PTGS2",4
