"ID","Description","setSize","enrichmentScore","NES","pvalue","p.adjust","qvalue","rank","leading_edge","core_enrichment"
"HALLMARK_ADIPOGENESIS","HALLMARK_ADIPOGENESIS",189,0.495570115740645,1.93449953983455,2.00725732079296e-07,1.00362866039648e-05,5.91612684023188e-06,2231,"tags=33%, list=16%, signal=28%","SPARCL1/GPX3/STOM/OMD/COL4A1/PREB/TST/LEP/SLC5A6/SQOR/ACADS/MAP4K3/CD302/BCL6/FZD4/CAVIN1/PPARG/SORBS1/STAT5A/PPM1B/CAT/ANGPT1/TANK/SLC1A5/UQCRC1/RIOK3/GBE1/ITSN1/PFKFB3/MCCC1/LPCAT3/CMPK1/GPD2/MIGA2/DLAT/SLC66A3/JAGN1/DHRS7B/MRPL15/MTARC2/GRPEL1/PEMT/PHLDB1/IFNGR1/LIPE/CHUK/UBQLN1/MGLL/LIFR/ALDH2/DNAJC15/ANGPTL4/DDT/ADIPOR2/PRDX3/POR/ACADM/ATL2/UBC/NABP1/ECH1/SLC25A1"
"HALLMARK_TNFA_SIGNALING_VIA_NFKB","HALLMARK_TNFA_SIGNALING_VIA_NFKB",172,0.470870395670943,1.82260213212687,1.19293784376484e-05,0.000298234460941209,0.000175801366449555,1578,"tags=34%, list=11%, signal=31%","DUSP1/PER1/PTX3/DNAJB4/TSC22D1/CEBPD/IRS2/KLF9/PDLIM5/ATF3/NR4A3/CFLAR/MAFF/MAP3K8/GADD45B/KLF6/SAT1/DUSP5/RHOB/TGIF1/MYC/NFIL3/BCL6/NAMPT/GCH1/GFPT2/STAT5A/MCL1/CCN1/TNIP1/CCNL1/NR4A1/INHBA/TANK/MAP2K3/SERPINB8/TNIP2/NFKBIA/SGK1/TIPARP/F3/PFKFB3/TNFAIP3/BTG1/CSF1/EHD1/GEM/PNRC1/PTPRE/PANX1/LDLR/ZBTB10/ATP2B1/ZFP36/RCAN1/CEBPB/FJX1/TNFAIP8/FUT4"
"HALLMARK_ANDROGEN_RESPONSE","HALLMARK_ANDROGEN_RESPONSE",91,0.481084940566874,1.71779492546225,0.000671973699940909,0.00839967124926137,0.00495138515745933,1811,"tags=36%, list=13%, signal=32%","ADAMTS1/TSC22D1/PDLIM5/FKBP5/STEAP4/CDC14B/SAT1/SLC38A2/CCND3/MYL12A/TMEM50A/SPCS3/SRF/DHCR24/UAP1/GPD1L/GSR/PTK2B/SELENOP/UBE2J1/VAPA/ABCC4/SGK1/SLC26A2/ABHD2/ELOVL5/ZBTB10/TNFAIP8/CAMKK2/BMPR1B/HERC3/ELL2/LIFR"
"HALLMARK_P53_PATHWAY","HALLMARK_P53_PATHWAY",183,-0.363003961790436,-1.5474302406292,0.000660597118774499,0.00839967124926137,0.00495138515745933,1405,"tags=27%, list=10%, signal=25%","PLXNB2/ADA/COQ8A/S100A4/DDB2/JAG2/NUPR1/SEC61A1/CDKN2A/TNFSF9/TRAF4/TSPYL2/BTG2/RALGDS/POLH/CLCA2/HMOX1/TP53/CCND2/PPM1D/UPP1/PIDD1/ZNF365/VWA5A/CASP1/KLF4/NINJ1/ZMAT3/NOTCH1/ZFP36L1/IER3/XPC/DDIT3/PCNA/MDM2/JUN/CYFIP2/TRIB3/SOCS1/FDXR/SDC1/RRAD/FGF13/SLC7A11/CDKN2B/PLK2/LIF/HSPA4L/RAP2B/CDKN1A"
"HALLMARK_XENOBIOTIC_METABOLISM","HALLMARK_XENOBIOTIC_METABOLISM",152,0.405491448368761,1.54823840877728,0.00207140335941256,0.0201989985842259,0.0119067781128068,2522,"tags=36%, list=18%, signal=29%","MAOA/MT2A/PDLIM5/DCXR/ATP2A2/SPINT2/ADH1C/GCH1/SLC35D1/CAT/NPC1/GSR/CYB5A/AOX1/MAN1A1/SLC1A5/GABARAPL1/ATOH8/GSTO1/ABCC3/UGDH/F10/SSR3/TMBIM6/PDK4/ARPP19/MCCC2/ACP2/XDH/ELOVL5/PINK1/GCNT2/PEMT/MTHFD1/ADH5/SAR1B/ASL/HSD11B1/ALDH2/CDO1/TMEM176B/DDT/PAPSS2/ABHD6/POR/ECH1/COMT/PROS1/PC/PMM1/FMO3/ID2/PPARD/ENTPD5"
"HALLMARK_OXIDATIVE_PHOSPHORYLATION","HALLMARK_OXIDATIVE_PHOSPHORYLATION",197,0.380066752852159,1.49699011152998,0.00242387983010711,0.0201989985842259,0.0119067781128068,4082,"tags=38%, list=29%, signal=27%","ALDH6A1/CPT1A/LDHA/CYB5A/COX11/VDAC2/ISCA1/UQCRC1/SLC25A4/IDH2/ATP1B1/PDK4/ATP6V1E1/DLAT/ATP6V0B/ECI1/MPC1/ACADSB/TCIRG1/MRPL15/GRPEL1/MAOB/ETFA/SLC25A12/FH/ATP5PD/GLUD1/SLC25A3/ATP6V0E1/PRDX3/PDHB/POR/ACADM/CYB5R3/ECH1/ATP5F1B/NDUFC2/ATP6V1D/HADHA/DLST/MRPL34/POLR2F/NDUFA4/NDUFA1/HSD17B10/MDH2/CYCS/VDAC1/COX7A2/SDHD/HADHB/MRPS12/COX8A/IDH3A/AFG3L2/ACAT1/NDUFA5/PMPCA/ATP6V1C1/ACAA2/COX10/ATP5MC1/NDUFS1/SDHB/NDUFV1/TIMM13/OPA1/LDHB/UQCRFS1/IMMT/ATP5F1C/COX5A/NDUFB6/CYC1"
"HALLMARK_IL2_STAT5_SIGNALING","HALLMARK_IL2_STAT5_SIGNALING",156,0.406547874991429,1.55834806779528,0.00337839078671283,0.0240414479275396,0.0141718008836023,1705,"tags=29%, list=12%, signal=26%","ANXA4/DHRS3/MAFF/NCOA3/MAP3K8/GADD45B/KLF6/EMP1/MYO1E/RHOB/SWAP70/CCND3/MYC/PLEC/LCLAT1/NFIL3/HIPK2/SPRED2/MUC1/CASP3/IGF1R/BATF3/SLC1A5/GABARAPL1/ALCAM/FURIN/TNFRSF1B/MYO1C/GSTO1/SYNGR2/RORA/PRKCH/IRF4/NFKBIZ/CDC42SE2/CSF1/ENPP1/AHNAK/ITGA6/MAPKAPK2/NOP2/TGM2/ADAM19/PUS1/PNP/IFNGR1"
"HALLMARK_UV_RESPONSE_DN","HALLMARK_UV_RESPONSE_DN",143,0.408064598484876,1.55005046322622,0.00423041885485149,0.0240414479275396,0.0141718008836023,1444,"tags=27%, list=10%, signal=24%","DUSP1/COL11A1/ANXA4/MT1E/PDLIM5/TGFBR2/CITED2/APBB2/RBPMS/ANXA2/DDAH1/CELF2/LAMC1/LTBP1/IRS1/MYC/AMPH/PPARG/PIK3CD/CCN1/RUNX1/IGF1R/SLC67A1/LPAR1/SRI/CAV1/PLCB4/F3/FBLN5/PDGFRB/MET/GRK5/COL5A2/SDC2/MAPK14/PRKAR2B/LDLR/ATP2B1"
"HALLMARK_COMPLEMENT","HALLMARK_COMPLEMENT",140,0.406344321712136,1.53895813676497,0.00515646347272647,0.0240414479275396,0.0141718008836023,2707,"tags=34%, list=19%, signal=28%","CTSC/MAFF/COL4A2/RAF1/DUSP5/GNB4/DGKH/MMP15/SERPING1/GMFB/CASP3/PPP2CB/PREP/MSRB1/PSEN1/LGMN/PIK3CA/JAK2/CFH/ZEB1/CALM1/ANG/F10/F3/GNB2/TNFAIP3/GPD2/CPM/EHD1/CEBPB/CBLB/C1R/GCA/IRF2/VCPIP1/USP14/LYN/PPP4C/PFN1/SRC/CTSB/SH2B3/USP16/CDH13/LIPA/CXCL1/SERPINE1/ANXA5"
"HALLMARK_FATTY_ACID_METABOLISM","HALLMARK_FATTY_ACID_METABOLISM",133,0.408806240133541,1.53428411139134,0.00475275470911601,0.0240414479275396,0.0141718008836023,2230,"tags=26%, list=16%, signal=22%","MAOA/ACSS1/ACSL1/PTPRG/GLUL/ACADS/ADH1C/DHCR24/CPT1A/HSD17B11/LDHA/ACOT2/INMT/GABARAPL1/UGDH/MLYCD/PRDX6/GPD2/TP53INP2/ECI1/ELOVL5/SERINC1/BMPR1B/GCDH/FH/MGLL/HSDL2/HSD17B4/PPARA/ADIPOR2/PDHB/ACADM/OSTC/ENO3/ECH1"
"HALLMARK_E2F_TARGETS","HALLMARK_E2F_TARGETS",195,-0.327687307426942,-1.40288225234,0.0052891185440587,0.0240414479275396,0.0141718008836023,2818,"tags=29%, list=20%, signal=24%","KPNA2/POLD3/XPO1/RAD51AP1/PLK4/ATAD2/RFC2/CENPE/SMC1A/TOP2A/RPA2/POLD1/CKS1B/PDS5B/TUBG1/UNG/NASP/GINS4/PAICS/CHEK2/RPA1/BRCA2/ANP32E/CCP110/CCNE1/PMS2/TCF19/NUP205/CTCF/MCM7/PRPS1/TMPO/TIMELESS/CDKN2A/MLH1/LMNB1/NBN/CDC25B/PRIM2/MSH2/HMGB3/MCM2/SMC4/MCM4/HMGA1/TP53/PPM1D/EZH2/PSIP1/CBX5/LIG1/PCNA/BRCA1/CIT/CDK4/TUBB/CDKN1A"
"HALLMARK_HYPOXIA","HALLMARK_HYPOXIA",173,0.376348431282115,1.45890327909397,0.00783812113620934,0.0326588380675389,0.0192515255977072,1595,"tags=24%, list=11%, signal=22%","DUSP1/MT2A/ERRFI1/MT1E/IRS2/ATF3/CITED2/GLRX/FOXO3/MAFF/UGP2/ANXA2/SRPX/KLF6/CCN2/SAP30/NFIL3/CAVIN1/GPC4/LDHA/CCN1/STC1/CHST3/LOX/ADM/CAV1/GBE1/TIPARP/RORA/F3/PFKFB3/TNFAIP3/SDC2/BTG1/STC2/PNRC1/JMJD6/DDIT4/ZFP36/TGM2/GCNT2/KDM3A"
"HALLMARK_MTORC1_SIGNALING","HALLMARK_MTORC1_SIGNALING",192,-0.324825516750156,-1.39040783533889,0.00885332954452606,0.0340512674789464,0.0200723260928526,1388,"tags=18%, list=10%, signal=17%","EPRS1/PLOD2/HMGCS1/TCEA1/MLLT11/NUPR1/DHCR7/SLC7A5/PPA1/BTG2/MCM2/FGL2/MCM4/BHLHE40/GGA2/ME1/INSIG1/SERPINH1/ACSL3/DDIT3/SHMT2/TRIB3/NIBAN1/ASNS/FDXR/SQSTM1/SLC7A11/PSAT1/PIK3R3/WARS1/TUBA4A/SCD/PHGDH/CDKN1A/SLC6A6"
"HALLMARK_INTERFERON_ALPHA_RESPONSE","HALLMARK_INTERFERON_ALPHA_RESPONSE",87,-0.391530446756363,-1.49181394890604,0.013565541107737,0.0484483610990605,0.0285590339110252,2655,"tags=37%, list=19%, signal=30%","PARP14/LY6E/TRIM21/RTP4/EIF2AK2/DDX60/GBP2/PROCR/IFI27/CD74/RIPK2/NMI/OAS1/PSMB9/HERC6/IFIH1/GBP4/IRF1/TRIM14/MOV10/BATF2/PSME2/IFIT2/UBA7/MX1/CASP1/TRIM5/PARP9/IFI44/SAMD9L/WARS1/TENT5A"
