"symbol","ensembl","baseMean","lfc_shrunk","padj"
"VCAM1","ENSG00000162692",509.657746953338,-3.67795059148641,1.86495742601361e-81
"KCTD12","ENSG00000178695",2657.21826213722,-2.51580031298824,1.03867615671017e-74
"ADAM12","ENSG00000148848",1368.66954436033,-1.80740598779852,7.27002539777986e-70
"PRSS35","ENSG00000146250",314.669754976266,-2.7436406110908,1.86380558889008e-69
"CXCL12","ENSG00000107562",25196.5455384324,-1.90300323757812,7.14071757730019e-69
"DNM1","ENSG00000106976",887.017039305159,-1.74971994151646,1.03939084845103e-66
"CCKAR","ENSG00000163394",1220.86779388423,-2.17846207510831,6.26088644929777e-65
"SOX4","ENSG00000124766",1284.80133428659,-2.39790573827095,1.16292535597858e-62
"WNT2","ENSG00000105989",334.419775095649,-3.02253237536487,2.23160226352748e-55
"GXYLT2","ENSG00000172986",758.359345202166,-1.56583912329316,2.53179317971521e-49
"LHFPL2","ENSG00000145685",2022.83906876556,-1.23404570725417,2.16783391232539e-48
"COL1A1","ENSG00000108821",101233.481481555,-1.31044041312403,3.1434173886355e-48
"ADAMTS14","ENSG00000138316",801.69546542358,-2.49048475058867,2.39973841044244e-47
"SLC6A6","ENSG00000131389",742.538013824024,-2.10935696613154,3.78773195342944e-46
"IGDCC4","ENSG00000103742",371.632596951659,-2.18053982120816,1.24721273995336e-45
"TBX18","ENSG00000112837",2762.00197621312,-1.82131596559607,7.33345317488079e-44
"CCN3","ENSG00000136999",437.126529274733,-2.5310083389244,1.74731634496556e-42
"SLC6A9","ENSG00000196517",230.282462332708,-2.21191185496906,2.01355586422654e-42
"C14orf132","ENSG00000227051",4626.82376170284,-1.14392980770697,6.96471225485213e-41
"FST","ENSG00000134363",2914.45703711454,-1.79288231138924,1.06305285432363e-40
